customer_tweet_id,customer_text,customer_text,human_intent,difficulty,notes
275129,@115821 Please help! Someone hacked my account and I can’t contact you on your website as they changed the email and I cannot log in!,@115821 Please help! Someone hacked my account and I can’t contact you on your website as they changed the email and I cannot log in!,ACCOUNT_SECURITY,EASY,Explicitly hacked; email changed
2135765,"The @116090 app shows that my package was delivered yesterday, yet here I am without said package.","The @116090 app shows that my package was delivered yesterday, yet here I am without said package.",DELIVERY_NOT_RECEIVED,EASY,Delivered notification but package not received
1458000,My order from @115821 just was delivered. Opened it and there’s NOTHING IN IT,My order from @115821 just was delivered. Opened it and there’s NOTHING IN IT,MISSING_ITEM,EASY,Order arrived but contents were missing
2513448,@115850 A damaged product was supposed to be collected a few days back. But instead the person hasn't collected it yet. Very disappointed.,@115850 A damaged product was supposed to be collected a few days back. But instead the person hasn't collected it yet. Very disappointed.,PRODUCT_ISSUE,BOUNDARY,Damaged product; collection issue is secondary
1144950,@AmazonHelp Thanks for the super quick reply! Will this work even if I just want a partial refund?,@AmazonHelp Thanks for the super quick reply! Will this work even if I just want a partial refund?,REFUND_STATUS,BOUNDARY,Asking about partial refund
2983129,"@116875 tengo una cuenta bloqueada y no hay forma de entrar me aparece contraseña incorrecta, me podrian ayudar","@116875 tengo una cuenta bloqueada y no hay forma de entrar me aparece contraseña incorrecta, me podrian ayudar",ACCOUNT_ACCESS,EASY,Account blocked/password/login issue
1544601,"始めて架空請求にひっかかりそうになった(^-^;
Amazonという名前に安心しきって電話してもうた。
対応が違和感あったので
途中で気づいて電話切ったものの
着歴と名前、都道府県、生年月日まで言ってしまったヾ(ﾟдﾟ;)ちょっと焦る。
皆様もこのSMにはお気をつけ下さい。 https://t.co/Nb1wxHJ4QJ","始めて架空請求にひっかかりそうになった(^-^;
Amazonという名前に安心しきって電話してもうた。
対応が違和感あったので
途中で気づいて電話切ったものの
着歴と名前、都道府県、生年月日まで言ってしまったヾ(ﾟдﾟ;)ちょっと焦る。
皆様もこのSMにはお気をつけ下さい。 https://t.co/Nb1wxHJ4QJ",ACCOUNT_SECURITY,MESSY,Suspicious call/SMS; security context
2397253,@AmazonHelp so I got a weeks amazon prime and it’s got a convenient error not letting me cancel it,@AmazonHelp so I got a weeks amazon prime and it’s got a convenient error not letting me cancel it,ORDER_CANCELLATION,EASY,Explicit cancellation problem
1030411,"@115823 I have not received cashback on amazon pay, where I can make complain ?","@115823 I have not received cashback on amazon pay, where I can make complain ?",CASHBACK,EASY,Cashback not received
2668021,"@AmazonHelp Je ne peux pas me connecter , mon compte est verrouillé ! 
My account is locked !!","@AmazonHelp Je ne peux pas me connecter , mon compte est verrouillé ! 
My account is locked !!",ACCOUNT_ACCESS,EASY,Account locked
990730,@115850 my order did not reached yet,@115850 my order did not reached yet,ORDER_STATUS,EASY,General order status; no explicit missed date
667700,"@279154 @115821 Lies, I ordered this product and did not receive it, where is my gift set and now I will have to return it before you send what I actually ordered https://t.co/Ckqa7p1wkr","@279154 @115821 Lies, I ordered this product and did not receive it, where is my gift set and now I will have to return it before you send what I actually ordered https://t.co/Ckqa7p1wkr",DELIVERY_NOT_RECEIVED,BOUNDARY,Ordered product not received
1149835,@AmazonHelp Then give me the link where I can track returned product .,@AmazonHelp Then give me the link where I can track returned product .,RETURN_REPLACEMENT,BOUNDARY,Tracking a returned product
324236,"@115850 I want my order to be delivered today else cancel the order no use of prime
membership
Order
407-7611937-1951563
It's frustrating","@115850 I want my order to be delivered today else cancel the order no use of prime
membership
Order
407-7611937-1951563
It's frustrating",ORDER_CANCELLATION,EASY,Explicit cancellation
744150,@AmazonHelp Ça devient un peu de l’abus..? J’ai besoin de mon colis demain matin et je me retrouve coincée. Que pouvez vous faire ..?,@AmazonHelp Ça devient un peu de l’abus..? J’ai besoin de mon colis demain matin et je me retrouve coincée. Que pouvez vous faire ..?,DELIVERY_DELAY,MESSY,Delivery problem implied; wording ambiguous
2451307,"@AmazonHelp @115850 why am I being charged 1300 at an mrp of 478,doesn't that amount to cheating? https://t.co/TZGvB7sLM1","@AmazonHelp @115850 why am I being charged 1300 at an mrp of 478,doesn't that amount to cheating? https://t.co/TZGvB7sLM1",UNEXPECTED_CHARGE,EASY,Charged more than expected
1350238,@AmazonHelp sent an email stating my account was hacked. I’ve yet to receive a response. Thanks for allowing someone else have access to my account and information. Feeling safe knowing y’all don’t give a fuck about your customers.,@AmazonHelp sent an email stating my account was hacked. I’ve yet to receive a response. Thanks for allowing someone else have access to my account and information. Feeling safe knowing y’all don’t give a fuck about your customers.,ACCOUNT_SECURITY,EASY,Account hacked
1205007,@115821 where's my package smh,@115821 where's my package smh,DELIVERY_TRACKING,EASY,Asking package location
377211,"@115850 Loved the fast replacements @115850 . 

#KaroMilkeTayyari 
#AmazonGreatIndianFestival","@115850 Loved the fast replacements @115850 . 

#KaroMilkeTayyari 
#AmazonGreatIndianFestival",OTHER,MESSY,Positive feedback; no supported intent
577725,"@AmazonHelp @115850 I haven't received my Cashback as promised by your team during the great Indian Diwali sale in October. I had bought a Redmi 4 phone worth 8499 and as per the terms and conditions, I was eligible for a 10% Cashback.  Could you please reimburse the money?","@AmazonHelp @115850 I haven't received my Cashback as promised by your team during the great Indian Diwali sale in October. I had bought a Redmi 4 phone worth 8499 and as per the terms and conditions, I was eligible for a 10% Cashback.  Could you please reimburse the money?",CASHBACK,EASY,Cashback not received
250577,"shiiiiit I love how amazon is like, “the delivery driver is 5 minutes away from your house” 

they’re most consistent than the girls I’ve talked to","shiiiiit I love how amazon is like, “the delivery driver is 5 minutes away from your house” 

they’re most consistent than the girls I’ve talked to",OTHER,MESSY,Positive driver comment
1258634,@AmazonHelp Are you really asking if I checked the tracking information?? 😂 yes the tracking info says that my package is delivered and ready for pickup,@AmazonHelp Are you really asking if I checked the tracking information?? 😂 yes the tracking info says that my package is delivered and ready for pickup,DELIVERY_TRACKING,EASY,Tracking status
2301909,"@AmazonHelp 11th November, yesterday","@AmazonHelp 11th November, yesterday",OTHER,MESSY,No meaningful support request
293367,@AmazonHelp Hi. I need to speak about an order I just placed. But your CC IVR won’t let me. Please help.,@AmazonHelp Hi. I need to speak about an order I just placed. But your CC IVR won’t let me. Please help.,ORDER_STATUS,BOUNDARY,Inquiry about recently placed order
2855076,@120533 vos livreurs se moquent de leurs clients non ? Pas le temps de répondre à l’interphone qu’il est déjà parti ..,@120533 vos livreurs se moquent de leurs clients non ? Pas le temps de répondre à l’interphone qu’il est déjà parti ..,OTHER,MESSY,General driver comment
2499097,@AmazonHelp le lien donne sur un login sauf que mon compte est bloquer donc je ne peux pas me connecter. aucune n'autre connection ?,@AmazonHelp le lien donne sur un login sauf que mon compte est bloquer donc je ne peux pas me connecter. aucune n'autre connection ?,ACCOUNT_ACCESS,EASY,Account blocked
2387892,@AmazonHelp Full refund! Thank you 😉,@AmazonHelp Full refund! Thank you 😉,REFUND_STATUS,EASY,Refund request/status
1609584,@AmazonHelp Oh n here’s my original order https://t.co/8ZyT9kS2GE,@AmazonHelp Oh n here’s my original order https://t.co/8ZyT9kS2GE,ORDER_STATUS,EASY,Order inquiry
989221,"@AmazonHelp Today is 14 Oct can I expect that I would receive my order today? Which was expected on 9 Oct. 
Order # 402-7037462-2377120.","@AmazonHelp Today is 14 Oct can I expect that I would receive my order today? Which was expected on 9 Oct. 
Order # 402-7037462-2377120.",DELIVERY_DELAY,EASY,Expected date has passed
445515,@AmazonHelp I want my product replaced . Nothing else . I dont want a refund @115850,@AmazonHelp I want my product replaced . Nothing else . I dont want a refund @115850,RETURN_REPLACEMENT,EASY,Explicit replacement request
1557653,@AmazonHelp Can I post the order number,@AmazonHelp Can I post the order number,ORDER_STATUS,EASY,Asking for order number/status
2967746,"@AmazonHelp I received an email that my package was delivered today, approx 4 hours ago. But, I've no package in my possession. Nothing on back patio, nothing at the front door, nothing at the apt manager office. Umm, where's my order?","@AmazonHelp I received an email that my package was delivered today, approx 4 hours ago. But, I've no package in my possession. Nothing on back patio, nothing at the front door, nothing at the apt manager office. Umm, where's my order?",DELIVERY_NOT_RECEIVED,EASY,Delivered notification but package missing
1808828,@115830 I have not been given any new information on when my packages will arrive and they were due 3 days ago. Please help me,@115830 I have not been given any new information on when my packages will arrive and they were due 3 days ago. Please help me,DELIVERY_DELAY,EASY,Delivery due three days ago
81054,I am rohit vijan i have purchased fit bit altra band so i returned the product on 11 nov and since 24 nov my refund isnt initiated is that lyk this u provide service to customers @AmazonHelp @AmazonHelp @115821 @115850 my contct no 9619266205 https://t.co/cQbCsIUl4z,I am rohit vijan i have purchased fit bit altra band so i returned the product on 11 nov and since 24 nov my refund isnt initiated is that lyk this u provide service to customers @AmazonHelp @AmazonHelp @115821 @115850 my contct no 9619266205 https://t.co/cQbCsIUl4z,REFUND_STATUS,EASY,Refund not initiated
1013750,"Excuse me Amazon wtf, you told me my package was delivered yesterday in my mailbox, no package to be found","Excuse me Amazon wtf, you told me my package was delivered yesterday in my mailbox, no package to be found",DELIVERY_NOT_RECEIVED,EASY,Delivered but package missing
260809,Yo @115830 your driver left my parcel on my doorstep &amp; covered it in rubbish. In the rain. Can you not do that again please?,Yo @115830 your driver left my parcel on my doorstep &amp; covered it in rubbish. In the rain. Can you not do that again please?,DELIVERY_DRIVER_ISSUE,EASY,Driver left parcel incorrectly
1079075,@AmazonHelp I just found out today that my account was hacked and the email address was changed. Is there anyway to get it back?,@AmazonHelp I just found out today that my account was hacked and the email address was changed. Is there anyway to get it back?,ACCOUNT_SECURITY,EASY,Account hacked/email changed
831817,@AmazonHelp I have not received my package which was to be delivered yesterday.,@AmazonHelp I have not received my package which was to be delivered yesterday.,DELIVERY_DELAY,BOUNDARY,Missed expected delivery date
1139798,"@AmazonHelp How would I find that out?  There is no information on my tracking link, just said 'dispatched' and 'out for delivery'","@AmazonHelp How would I find that out?  There is no information on my tracking link, just said 'dispatched' and 'out for delivery'",DELIVERY_TRACKING,EASY,Tracking lacks information
264648,@AmazonHelp ord no. 171 6979504 0534744 my friend asked for replacement they picked up the product and have not sent replacement.pls help,@AmazonHelp ord no. 171 6979504 0534744 my friend asked for replacement they picked up the product and have not sent replacement.pls help,RETURN_REPLACEMENT,EASY,Replacement hasn't been sent
253968,@AmazonHelp Where is my order ?,@AmazonHelp Where is my order ?,ORDER_STATUS,EASY,Asking where order is
2644123,Dear @115850 I already had a prime membership when I bought the echo dot. So do I get a year's extension?,Dear @115850 I already had a prime membership when I bought the echo dot. So do I get a year's extension?,OTHER,MESSY,Prime membership extension; unsupported intent
2378231,@AmazonHelp amount still not refunded. https://t.co/KpX2H3pe3q,@AmazonHelp amount still not refunded. https://t.co/KpX2H3pe3q,REFUND_STATUS,BOUNDARY,Refund not received; not cashback
2870674,"@AmazonHelp No, pensé que me habían hackeado mi cuenta, cambie la contraseña y ni así me dejaba entrar desde pc (en la APP si puedo excepto cuando pide login).
En mi correo solo están de las compras y el cambio de contraseña, nunca uno de el motivo o algo similar.","@AmazonHelp No, pensé que me habían hackeado mi cuenta, cambie la contraseña y ni así me dejaba entrar desde pc (en la APP si puedo excepto cuando pide login).
En mi correo solo están de las compras y el cambio de contraseña, nunca uno de el motivo o algo similar.",ACCOUNT_SECURITY,EASY,Hacked account/password changed
429524,@AmazonHelp I am not able to return my Order. Even though it was ordered with returned policy. Please help.,@AmazonHelp I am not able to return my Order. Even though it was ordered with returned policy. Please help.,RETURN_REPLACEMENT,EASY,Unable to return order
441792,@AmazonHelp @AmazonHelp hv spent last 12 dys of my life on the link u provided Hope u guys see tweets properly there are scrnshots attched sleepy much??,@AmazonHelp @AmazonHelp hv spent last 12 dys of my life on the link u provided Hope u guys see tweets properly there are scrnshots attched sleepy much??,OTHER,MESSY,No usable support intent
74684,@AmazonHelp The item is being returned undelivered by the courier,@AmazonHelp The item is being returned undelivered by the courier,RETURN_REPLACEMENT,BOUNDARY,Return process/courier issue
259908,@115821 where my package fam???,@115821 where my package fam???,DELIVERY_TRACKING,EASY,Asking package location
1503842,@AmazonHelp it's almost 24 hours! No update from your side! Can you please tell how do i cancel this order?,@AmazonHelp it's almost 24 hours! No update from your side! Can you please tell how do i cancel this order?,ORDER_CANCELLATION,EASY,Explicit cancellation
735006,@AmazonHelp please check my DM about package tracking.,@AmazonHelp please check my DM about package tracking.,DELIVERY_TRACKING,EASY,Explicit tracking request
1653470,@228164 @115850 @AmazonHelp I want to cancel my order which I placed by mistake. I am not finding cancel order icon. Help ASAP! https://t.co/DUqMTPjjOm,@228164 @115850 @AmazonHelp I want to cancel my order which I placed by mistake. I am not finding cancel order icon. Help ASAP! https://t.co/DUqMTPjjOm,ORDER_CANCELLATION,EASY,Explicit cancellation request
1151151,@AmazonHelp Could you please explain me the procedure to cancel the order...I don't want any more false promises n bullshit ...,@AmazonHelp Could you please explain me the procedure to cancel the order...I don't want any more false promises n bullshit ...,ORDER_CANCELLATION,EASY,Asking how to cancel
665492,@115850 My this AWB no # 663753539214 was schedule to pick today but Fedex courier nvr turned up.. Later i called in customer care center. plz help https://t.co/7nSLtV8ojk,@115850 My this AWB no # 663753539214 was schedule to pick today but Fedex courier nvr turned up.. Later i called in customer care center. plz help https://t.co/7nSLtV8ojk,DELIVERY_DRIVER_ISSUE,EASY,FedEx courier did not show for scheduled pickup
1124638,"@115850 want cancel the order, but cancel button not found... https://t.co/3HQQfZKgE7","@115850 want cancel the order, but cancel button not found... https://t.co/3HQQfZKgE7",ORDER_CANCELLATION,EASY,Cancel button unavailable
2797118,@AmazonHelp Hola! Son vendidos directamente por Amazon.,@AmazonHelp Hola! Son vendidos directamente por Amazon.,OTHER,MESSY,Statement/comment with no clear supported intent
250024,@AmazonHelp Since last September I have paid you for my order .item could not delivered but did not returned my money,@AmazonHelp Since last September I have paid you for my order .item could not delivered but did not returned my money,REFUND_STATUS,BOUNDARY,Item couldn't be delivered and money wasn't returned
465133,"I've been trying all week to place an order on @115821 but for some reason I don't know, they keep cancelling my orders. Ugh.","I've been trying all week to place an order on @115821 but for some reason I don't know, they keep cancelling my orders. Ugh.",ORDER_CANCELLATION,EASY,Orders repeatedly being cancelled
312837,"@116316 #WheresMyStuff my package was ""delivered""; but I haven't received it!! 😨","@116316 #WheresMyStuff my package was ""delivered""; but I haven't received it!! 😨",DELIVERY_NOT_RECEIVED,EASY,Delivered but not received
24986,@AmazonHelp order 406-5346056-8286767 I want a refund for the product. https://t.co/CKTsoBPMgb,@AmazonHelp order 406-5346056-8286767 I want a refund for the product. https://t.co/CKTsoBPMgb,REFUND_STATUS,EASY,Explicit refund request
2616400,"@AmazonHelp Le suivi dit qu'une date de livraison est en attente, que je recevrais un mail pour m'informer de la livraison.","@AmazonHelp Le suivi dit qu'une date de livraison est en attente, que je recevrais un mail pour m'informer de la livraison.",DELIVERY_TRACKING,BOUNDARY,Delivery date is pending; waiting for delivery information
1627282,@120533 @115821 locked me out of my account. And I can’t unlock it 😒😒😒,@120533 @115821 locked me out of my account. And I can’t unlock it 😒😒😒,ACCOUNT_ACCESS,EASY,Locked out of account
494975,@115821 So my account got hacked into. I am not able to login and in spite of changing my password multiple times it keeps saying password is wrong. Now I get a notification that email has been changed as well. Cant talk to anyone customer service says they need to fill a form!,@115821 So my account got hacked into. I am not able to login and in spite of changing my password multiple times it keeps saying password is wrong. Now I get a notification that email has been changed as well. Cant talk to anyone customer service says they need to fill a form!,ACCOUNT_SECURITY,EASY,Hacked account with password/email changed
1106552,#amazon #trucks have #gps #tracker so why are you telling me we don't know where your package is because it is in transit   #guaranteelate,#amazon #trucks have #gps #tracker so why are you telling me we don't know where your package is because it is in transit   #guaranteelate,DELIVERY_TRACKING,EASY,Package location/status unclear
320325,@AmazonHelp Why don’t your prime drivers not read delivery instructions?,@AmazonHelp Why don’t your prime drivers not read delivery instructions?,DELIVERY_DRIVER_ISSUE,EASY,Driver not following delivery instructions
2895972,@AmazonHelp They've now hung up after telling me that I've got to wait until tomorrow. No problem. I'm just cancelling the order now. And will cancel EVERY ORDER that you attempt to send via @132988 - simple solution.,@AmazonHelp They've now hung up after telling me that I've got to wait until tomorrow. No problem. I'm just cancelling the order now. And will cancel EVERY ORDER that you attempt to send via @132988 - simple solution.,ORDER_CANCELLATION,EASY,Explicit cancellation
1538763,@118706 I️ needed my package before tomorrow for something very IMPORTANT and now it’s lost with no answer in what happened @118706 &amp; @115821,@118706 I️ needed my package before tomorrow for something very IMPORTANT and now it’s lost with no answer in what happened @118706 &amp; @115821,DELIVERY_NOT_RECEIVED,BOUNDARY,Package hasn't arrived; no explicit missed promised date
55059,@115830 @AmazonHelp I have an order that says delivered yesterday by amazon shipping but it hasn’t been delivered. What can I do?,@115830 @AmazonHelp I have an order that says delivered yesterday by amazon shipping but it hasn’t been delivered. What can I do?,DELIVERY_NOT_RECEIVED,EASY,Delivered status but package not delivered
2764987,"@AmazonHelp I have checked my tracking already and yesterday, also emailed customer service and had no reply. The tracking only shows the Sunday 19th tracking, nothing else.","@AmazonHelp I have checked my tracking already and yesterday, also emailed customer service and had no reply. The tracking only shows the Sunday 19th tracking, nothing else.",DELIVERY_TRACKING,EASY,Tracking information hasn't updated
1248956,アマゾンのポイントてアプリからだと使えないの？？,アマゾンのポイントてアプリからだと使えないの？？,OTHER,MESSY,Unsupported Amazon Points question
2457861,@115821 I'm trying to place an order help me @123644,@115821 I'm trying to place an order help me @123644,OTHER,MESSY,"Trying to place an order, not asking about status"
1254618,@AmazonHelp Nope. The money has been taken out of my account.,@AmazonHelp Nope. The money has been taken out of my account.,UNEXPECTED_CHARGE,BOUNDARY,Money taken from account; charge context implied
1311842,@AmazonHelp Last week you double charged me for prime.  Got that fixed.  Now you double chrgd kindle unlimited.,@AmazonHelp Last week you double charged me for prime.  Got that fixed.  Now you double chrgd kindle unlimited.,UNEXPECTED_CHARGE,EASY,Duplicate Prime/Kindle charge
1709399,@AmazonHelp Many times,@AmazonHelp Many times,OTHER,MESSY,No meaningful support request
424298,Had something delivered but it was damaged so requested a replacement. Replacement is also damaged. Who can I speak to about this? @115830,Had something delivered but it was damaged so requested a replacement. Replacement is also damaged. Who can I speak to about this? @115830,PRODUCT_ISSUE,EASY,Delivered product and replacement are damaged
1310628,@115851 @115850 @AmazonHelp 2 months and a  week later and still you guys have not refunded my money! https://t.co/C7FL0rD9Vl,@115851 @115850 @AmazonHelp 2 months and a  week later and still you guys have not refunded my money! https://t.co/C7FL0rD9Vl,REFUND_STATUS,EASY,Money hasn't been refunded
1485358,@AmazonHelp Still have not received https://t.co/1DK8g1iK19,@AmazonHelp Still have not received https://t.co/1DK8g1iK19,OTHER,MESSY,Insufficient context to establish cashback
2880461,"@115830 product delivered, box battered, gift inside also damaged. How to proceed? This is unacceptable.","@115830 product delivered, box battered, gift inside also damaged. How to proceed? This is unacceptable.",PRODUCT_ISSUE,EASY,Product and gift are damaged
1206184,Hi @115830. I'd like to cancel an order which should have been delivered on Friday and still hasn't arrived. Please can you tell me how?,Hi @115830. I'd like to cancel an order which should have been delivered on Friday and still hasn't arrived. Please can you tell me how?,ORDER_CANCELLATION,EASY,Explicit cancellation
2470093,@AmazonHelp It says it should have been delivered but I haven't received this item.,@AmazonHelp It says it should have been delivered but I haven't received this item.,DELIVERY_NOT_RECEIVED,EASY,Expected delivery but item not received
882506,@AmazonHelp @115830 have been locked out of my account without being notified. Can't access customer service as I need to login.,@AmazonHelp @115830 have been locked out of my account without being notified. Can't access customer service as I need to login.,ACCOUNT_ACCESS,EASY,Locked out and cannot access account
2902500,@AmazonHelp hola! Me habéis cobrado el mismo pedido dos veces. Quiero una solución,@AmazonHelp hola! Me habéis cobrado el mismo pedido dos veces. Quiero una solución,UNEXPECTED_CHARGE,EASY,Same order charged twice
862444,@115850 Very pathetic delivery and response from Amazon team with respect to phone which I ordered. (447196419153 tracking number),@115850 Very pathetic delivery and response from Amazon team with respect to phone which I ordered. (447196419153 tracking number),DELIVERY_DELAY,MESSY,Poor delivery reported but exact failure isn't explicit
1326927,"@AmazonHelp Eu fiz um pedido quarta. Eu ainda não recebi a nota fiscal, mas já recebi o recibo e não apareceu para trocar forma de pagamento (+)","@AmazonHelp Eu fiz um pedido quarta. Eu ainda não recebi a nota fiscal, mas já recebi o recibo e não apareceu para trocar forma de pagamento (+)",OTHER,MESSY,Invoice/payment-method issue outside taxonomy
861829,@AmazonHelp I’d really like my package now and don’t want to wait 1.5 hrs on hold to talk to @118706 to find out where it has gone.,@AmazonHelp I’d really like my package now and don’t want to wait 1.5 hrs on hold to talk to @118706 to find out where it has gone.,DELIVERY_TRACKING,BOUNDARY,Wants to know where package has gone
481690,@AmazonHelp Me comenta el banco que ellos no realizan cargos dobles y cheque mi saldo y efectivamente se realizó un doble cobro unos el 30 a las 5:50 pm y otro hoy a las 2:50 am me podrían dar una solución de favor,@AmazonHelp Me comenta el banco que ellos no realizan cargos dobles y cheque mi saldo y efectivamente se realizó un doble cobro unos el 30 a las 5:50 pm y otro hoy a las 2:50 am me podrían dar una solución de favor,UNEXPECTED_CHARGE,EASY,Explicit duplicate charge
2906612,@AmazonHelp hi my order is showing as delivered but it isn’t here? I’ve been home all day so couldn’t have missed it. Order number: 204-8120334-0987527,@AmazonHelp hi my order is showing as delivered but it isn’t here? I’ve been home all day so couldn’t have missed it. Order number: 204-8120334-0987527,DELIVERY_NOT_RECEIVED,EASY,Delivered status but package not there
361352,"@AmazonHelp View order details
Order date
09-Sep-2017
Order #
405-7676708-3857148
Order total
   3,635.00 (1 item)","@AmazonHelp View order details
Order date
09-Sep-2017
Order #
405-7676708-3857148
Order total
   3,635.00 (1 item)",ORDER_STATUS,EASY,Asking to view order details
726975,@115821 I haven't received my refund from past a month : order id 269039080,@115821 I haven't received my refund from past a month : order id 269039080,REFUND_STATUS,EASY,Refund pending for a month
2149463,"@AmazonHelp Check out order number 
701-4591572-1714631 
I ordered and it didn’t arrive so customer ask me to reorder and it didn’t arrive. This is 3rd.","@AmazonHelp Check out order number 
701-4591572-1714631 
I ordered and it didn’t arrive so customer ask me to reorder and it didn’t arrive. This is 3rd.",DELIVERY_NOT_RECEIVED,EASY,Ordered item didn't arrive
2935791,"@115850 
I bought a product but when I get it, that also broken so please sir return it immediately
Track no 203987100","@115850 
I bought a product but when I get it, that also broken so please sir return it immediately
Track no 203987100",OTHER,MESSY,Kindle/promotion comment
1242825,"@AmazonHelp esses descontos no kindle comprei o meu tão desejado kindle aaaaa e ainda ganhei um livro grátis, amos muito vocês!  ❤","@AmazonHelp esses descontos no kindle comprei o meu tão desejado kindle aaaaa e ainda ganhei um livro grátis, amos muito vocês!  ❤",CASHBACK,EASY,Explicit promised cashback
321661,@115850 I didn't receive my promised cashback. Neither am I able to contact customer care. There's a robot on the other side. :( Help ASAP,@115850 I didn't receive my promised cashback. Neither am I able to contact customer care. There's a robot on the other side. :( Help ASAP,DELIVERY_DELAY,BOUNDARY,Customer objects to waiting until stated delivery date
1279835,@AmazonHelp I will not wait till 29th October for the delivery.,@AmazonHelp I will not wait till 29th October for the delivery.,REFUND_STATUS,EASY,Waiting for refund
249117,"Hey @115821, I'm waiting on that refund... thanks 😇","Hey @115821, I'm waiting on that refund... thanks 😇",OTHER,MESSY,Order modification/deletion issue outside taxonomy
1402844,Thanks @115821 for messing up my order just because I deleted an item that hadn't even shipped yet. Very disappointed.,Thanks @115821 for messing up my order just because I deleted an item that hadn't even shipped yet. Very disappointed.,DELIVERY_DELAY,BOUNDARY,Complains about inability to get delivery until Monday
115862,"@AmazonHelp I am still having this problem... can't get anything, and I mean anything, delivered until Monday. So much for Prime delivery.","@AmazonHelp I am still having this problem... can't get anything, and I mean anything, delivered until Monday. So much for Prime delivery.",OTHER,MESSY,Generic update request with insufficient context
897117,"@AmazonHelp Hi team,

Do you have any updates for me?","@AmazonHelp Hi team,

Do you have any updates for me?",DELIVERY_TRACKING,BOUNDARY,Asking for ETA
35905,@AmazonHelp How short is your shortly? A response with an ETA would have been professional,@AmazonHelp How short is your shortly? A response with an ETA would have been professional,OTHER,MESSY,Subscription/order issue outside taxonomy
352905,"@AmazonHelp Sir, how you can send me subscription item on one time purchase rate, after numerous reminders in these 2 days your side response is pathetic. After subscribing, rarely i see the amount of subscribed product you send.","@AmazonHelp Sir, how you can send me subscription item on one time purchase rate, after numerous reminders in these 2 days your side response is pathetic. After subscribing, rarely i see the amount of subscribed product you send.",OTHER,MESSY,Review publication issue outside taxonomy
481480,"@115821 Not received my product. But status is showing delivered. Please check where is the product or refund my amount. Order date
23-Nov-2017
Order #
404-5816421-3911539
Order total
   3,251.60 (1 item)","@115821 Not received my product. But status is showing delivered. Please check where is the product or refund my amount. Order date
23-Nov-2017
Order #
404-5816421-3911539
Order total
   3,251.60 (1 item)",DELIVERY_NOT_RECEIVED,EASY,Product/package not received despite delivered status
233785,@AmazonHelp Tracking on Canada Post says delivered on the 29th. Not updated on Amazon though.,@AmazonHelp Tracking on Canada Post says delivered on the 29th. Not updated on Amazon though.,DELIVERY_TRACKING,EASY,Carrier tracking and Amazon status disagree
2280459,@AmazonHelp Now it won't let me sign into my account its saying my password is wrong,@AmazonHelp Now it won't let me sign into my account its saying my password is wrong,ACCOUNT_ACCESS,EASY,Cannot sign in; password rejected
757702,@AmazonHelp Okay! I will deactivate my account and make sure many other people do the same. YOU GUYS ARE CHEATING CONSUMERS @115851 @12934,@AmazonHelp Okay! I will deactivate my account and make sure many other people do the same. YOU GUYS ARE CHEATING CONSUMERS @115851 @12934,ACCOUNT_SECURITY,EASY,Account compromise/fraud accusation
1776199,@AmazonHelp good condition. Just started refund process. Another item never arrived but got a refund on that one.,@AmazonHelp good condition. Just started refund process. Another item never arrived but got a refund on that one.,MISSING_ITEM,BOUNDARY,One item never arrived; refund is secondary
440310,"@AmazonHelp I hope you will be initiate my refund on 28 Oct. Reply me. 
@115821.IN @amazonHelp","@AmazonHelp I hope you will be initiate my refund on 28 Oct. Reply me. 
@115821.IN @amazonHelp",REFUND_STATUS,EASY,Asking about refund initiation
341417,@AmazonHelp Only this has been left to hear..what a wonderful service it has been after 15 days of calls and follow ups,@AmazonHelp Only this has been left to hear..what a wonderful service it has been after 15 days of calls and follow ups,OTHER,MESSY,Complaint without a clearly supported operational intent
2868397,@132976 Wow. Die Synchronisation ist unterirdisch. Warum nicht einfach Untertitel?,@132976 Wow. Die Synchronisation ist unterirdisch. Warum nicht einfach Untertitel?,OTHER,MESSY,Synchronization/account feature issue outside taxonomy
1741020,"Hey @115850 why have you cancelled my order? 😡
Order number: 404-6296425-8499511","Hey @115850 why have you cancelled my order? 😡
Order number: 404-6296425-8499511",ORDER_CANCELLATION,EASY,Asking why order was cancelled
1575619,"@AmazonHelp Delivery date is already delayed. 111-2691482-1933821 , also it says that it is a customer initiated delay which isn't right.","@AmazonHelp Delivery date is already delayed. 111-2691482-1933821 , also it says that it is a customer initiated delay which isn't right.",DELIVERY_DELAY,EASY,Explicitly says delivery date is delayed
728522,@AmazonHelp Logged on and returned books. It appears I will be refunded. They showed bill charge originally upon purchase presumed during trial period,@AmazonHelp Logged on and returned books. It appears I will be refunded. They showed bill charge originally upon purchase presumed during trial period,UNEXPECTED_CHARGE,BOUNDARY,Charge during presumed trial period
1087661,@AmazonHelp https://t.co/8aZ3NUAScP. 🤘🤘,@AmazonHelp https://t.co/8aZ3NUAScP. 🤘🤘,OTHER,MESSY,No clear support request
120243,"@AmazonHelp “Return started
Your refund will be processed”. I confirmed with customer service it arrived last Tuesday 11/14","@AmazonHelp “Return started
Your refund will be processed”. I confirmed with customer service it arrived last Tuesday 11/14",REFUND_STATUS,EASY,Refund processing status
2306089,@AmazonHelp Account troubles please DM me!,@AmazonHelp Account troubles please DM me!,ACCOUNT_ACCESS,BOUNDARY,Vague account trouble; access issue implied
2690709,@AmazonHelp I've shared it. Last time I was told to send an email and refund will be initiated in 2 days and I'll get a call. None of that ever happened.,@AmazonHelp I've shared it. Last time I was told to send an email and refund will be initiated in 2 days and I'll get a call. None of that ever happened.,REFUND_STATUS,BOUNDARY,Refund promised but hasn't happened
1248315,@AmazonHelp you can check my last 7 order in those i have faced issues in 6 orders for delivery ... Mo 9426890231 not get enough response,@AmazonHelp you can check my last 7 order in those i have faced issues in 6 orders for delivery ... Mo 9426890231 not get enough response,ORDER_STATUS,EASY,Asking about order history/status
946579,"@AmazonHelp Hola , perdón por contestar tarde , él paquete era de un vendedor externo","@AmazonHelp Hola , perdón por contestar tarde , él paquete era de un vendedor externo",OTHER,MESSY,Seller context without actionable supported intent
2335511,@115850 It's the 5th tike I am going to request a return and still no one comes to take the product back.,@115850 It's the 5th tike I am going to request a return and still no one comes to take the product back.,RETURN_REPLACEMENT,EASY,Explicit return request
423251,@AmazonHelp The manufacturer provides no reply on this .. Please look into this,@AmazonHelp The manufacturer provides no reply on this .. Please look into this,OTHER,MESSY,Manufacturer hasn't replied; insufficient context
1240703,@AmazonHelp Sorry for taking so long to respond. Here my tracking details https://t.co/OmcGheGsQC,@AmazonHelp Sorry for taking so long to respond. Here my tracking details https://t.co/OmcGheGsQC,DELIVERY_TRACKING,EASY,Tracking details
1341694,@AmazonHelp Till now I have not received any calls from your side regarding my query I have filled the form too which you have given to me.,@AmazonHelp Till now I have not received any calls from your side regarding my query I have filled the form too which you have given to me.,OTHER,MESSY,Generic follow-up with insufficient context
2531725,@115821 @115850  @AmazonHelp  After a one month wait period and thrice changed delivery date your support asks me to cancel my order !!!,@115821 @115850  @AmazonHelp  After a one month wait period and thrice changed delivery date your support asks me to cancel my order !!!,ORDER_CANCELLATION,BOUNDARY,Customer is being asked to cancel after delivery-date changes
454552,@AmazonHelp No I took them out the box feeling confident they would be fine as they had been delivered with such care &amp; wouldn’t need inspecting. Amazon Customer service in Manila couldn’t give 2 shits about the problem because 4 days later still waiting for a manager to call me back,@AmazonHelp No I took them out the box feeling confident they would be fine as they had been delivered with such care &amp; wouldn’t need inspecting. Amazon Customer service in Manila couldn’t give 2 shits about the problem because 4 days later still waiting for a manager to call me back,PRODUCT_ISSUE,BOUNDARY,Product problem; resolution delay is secondary
420663,"@AmazonHelp Sir it's been more than 2 days I am trying to know the status of my order even today no action is taken, its been more than 2 days now","@AmazonHelp Sir it's been more than 2 days I am trying to know the status of my order even today no action is taken, its been more than 2 days now",ORDER_STATUS,EASY,Explicitly asks order status
351477,@AmazonHelp Thanks for your response. I'm refunded only ₹679 for a total price of ₹799 which I paid. Not sure why.,@AmazonHelp Thanks for your response. I'm refunded only ₹679 for a total price of ₹799 which I paid. Not sure why.,REFUND_STATUS,EASY,Refund amount doesn't match purchase price
1289735,@115821 Account corrected! I’ve called 3 times and gotten the run around! I can’t log in to my own account #pleasehelp @115821  #thisisridiculous,@115821 Account corrected! I’ve called 3 times and gotten the run around! I can’t log in to my own account #pleasehelp @115821  #thisisridiculous,ACCOUNT_ACCESS,EASY,Cannot log into account
2856569,"@AmazonHelp hola! Hice un pedido de dos artículos, uno en preventa y otro fuera de stock, he cancelado el del stock y creo que el de preventa también pero ese no quería cancelarlo. Me dice que se está preparando la cancelación pero quiero  volvero a pedir, cuando podré?","@AmazonHelp hola! Hice un pedido de dos artículos, uno en preventa y otro fuera de stock, he cancelado el del stock y creo que el de preventa también pero ese no quería cancelarlo. Me dice que se está preparando la cancelación pero quiero  volvero a pedir, cuando podré?",ORDER_CANCELLATION,EASY,Order cancellation issue
327589,@AmazonHelp how do I get a product that arrived defective to be exchanged for one that works?,@AmazonHelp how do I get a product that arrived defective to be exchanged for one that works?,PRODUCT_ISSUE,EASY,Defective product; exchange requested
838256,"@AmazonHelp hi, someone tried to login my account and manage to hack, and leave customer review by using my account.","@AmazonHelp hi, someone tried to login my account and manage to hack, and leave customer review by using my account.",ACCOUNT_SECURITY,EASY,Attempted account compromise
1302808,@119356 before 6m I request u provide invoice copy  in your app. if for inv.copy we go to site than how u say it better to use app @115821,@119356 before 6m I request u provide invoice copy  in your app. if for inv.copy we go to site than how u say it better to use app @115821,OTHER,MESSY,Invoice-copy request outside taxonomy
2105743,"@AmazonHelp You can check out my order details.
(408-9194083-1583519)","@AmazonHelp You can check out my order details.
(408-9194083-1583519)",ORDER_STATUS,EASY,Asking to check order details
1223100,@AmazonHelp I can’t because I am unable to log in into my account. Registered no is 8867606711.,@AmazonHelp I can’t because I am unable to log in into my account. Registered no is 8867606711.,ACCOUNT_ACCESS,EASY,Unable to log in
18190,"@AmazonHelp @115850  @120040
Even after your team's promise, I have not received my cashback of INR1500 before deadline given by them.","@AmazonHelp @115850  @120040
Even after your team's promise, I have not received my cashback of INR1500 before deadline given by them.",CASHBACK,EASY,Cashback not received
13157,@AmazonHelp I have asked the customer care exec on phone to cancel the order. Don't want to waste any more of my time on this.,@AmazonHelp I have asked the customer care exec on phone to cancel the order. Don't want to waste any more of my time on this.,ORDER_CANCELLATION,EASY,Explicit cancellation
1086042,"🤔 @115821 why do I need to ship this back if it’s broken? It seems like a waste of packaging, can you just send me a replacement? https://t.co/BOS3VEJnYg","🤔 @115821 why do I need to ship this back if it’s broken? It seems like a waste of packaging, can you just send me a replacement? https://t.co/BOS3VEJnYg",PRODUCT_ISSUE,BOUNDARY,Broken product; replacement secondary
1380576,@AmazonHelp It’s been replaced once (the 1st time) and “updated” the 2nd. It won’t even turn on now. It’s fully charged.,@AmazonHelp It’s been replaced once (the 1st time) and “updated” the 2nd. It won’t even turn on now. It’s fully charged.,PRODUCT_ISSUE,EASY,Replaced product still doesn't work
673162,@AmazonHelp done. sent an email,@AmazonHelp done. sent an email,OTHER,MESSY,No actionable intent
1118559,@AmazonHelp Tracking #: 237294242407 i want my package to be delivered today .... as it is already shipped..,@AmazonHelp Tracking #: 237294242407 i want my package to be delivered today .... as it is already shipped..,DELIVERY_TRACKING,EASY,Explicit tracking number/status
1406568,"@AmazonHelp On that link on order was found ...
I returned item on 27 sept 2017","@AmazonHelp On that link on order was found ...
I returned item on 27 sept 2017",RETURN_REPLACEMENT,BOUNDARY,Returned item/order; return context primary
2317037,@115821 I need your help. You charged me twice for 18.95 recent order! I could have used that $ this eve.,@115821 I need your help. You charged me twice for 18.95 recent order! I could have used that $ this eve.,UNEXPECTED_CHARGE,EASY,Explicit duplicate charge
851571,"@AmazonHelp Done, many thanks for getting in touch!","@AmazonHelp Done, many thanks for getting in touch!",OTHER,MESSY,Generic thanks
2513914,@AmazonHelp 404-7174115-8804331 my order cancel without any intimation. I want it as per schedule. This is 3rd time bad experience pls solve,@AmazonHelp 404-7174115-8804331 my order cancel without any intimation. I want it as per schedule. This is 3rd time bad experience pls solve,ORDER_CANCELLATION,EASY,Order cancelled unexpectedly
1461521,@115830 Received this today + look how damaged it is. No damage to external packaging so was packaged up and willing sent to us like this😐 https://t.co/dQHjpjtGmH,@115830 Received this today + look how damaged it is. No damage to external packaging so was packaged up and willing sent to us like this😐 https://t.co/dQHjpjtGmH,PRODUCT_ISSUE,EASY,Product arrived damaged
1478885,"@116928 El problema llega cuando me dice que tengo que devolver el producto, como devuelvo algo que no me ha llegado?","@116928 El problema llega cuando me dice que tengo que devolver el producto, como devuelvo algo que no me ha llegado?",DELIVERY_NOT_RECEIVED,BOUNDARY,Customer says product hasn't been received
2882533,In the last 24 hours I've had my bank details stolen and used in association with an amazon prime account the response from @115821 and @33924 has been disgusting.,In the last 24 hours I've had my bank details stolen and used in association with an amazon prime account the response from @115821 and @33924 has been disgusting.,ACCOUNT_SECURITY,EASY,Bank details stolen/used with account
2686573,@AmazonHelp I was supposed to receive a package yesterday and it never arrived. Now it’s showing it was delivered at 11:30 pm last night but it was not. How do I find out where my package is?,@AmazonHelp I was supposed to receive a package yesterday and it never arrived. Now it’s showing it was delivered at 11:30 pm last night but it was not. How do I find out where my package is?,DELIVERY_NOT_RECEIVED,EASY,Delivered but not received
351126,@AmazonHelp I got my order. Thanks,@AmazonHelp I got my order. Thanks,OTHER,MESSY,Simple acknowledgement
1731611,@115830 @AmazonHelp Can't get into my account. Password reset email code not being received inbox or spam. Help please.,@115830 @AmazonHelp Can't get into my account. Password reset email code not being received inbox or spam. Help please.,ACCOUNT_ACCESS,EASY,Login/password-reset problem
806328,@AmazonHelp @312151 I’m still waiting for my order that should have been delivered on the 10th,@AmazonHelp @312151 I’m still waiting for my order that should have been delivered on the 10th,DELIVERY_DELAY,EASY,Expected delivery date has passed
928315,I have spend 31k on a product and i get a defective one? @115850 @AmazonHelp &amp; no replacement for it? https://t.co/Rr1d7IHS8P,I have spend 31k on a product and i get a defective one? @115850 @AmazonHelp &amp; no replacement for it? https://t.co/Rr1d7IHS8P,DELIVERY_NOT_RECEIVED,EASY,Product/package not received despite delivered status
1385298,"Hi @115830
My package has missed two delivery dates but is now refundable if late by a further 10 months? Also Aug 10th isn't a Saturday? https://t.co/YGr1AdoFt3","Hi @115830
My package has missed two delivery dates but is now refundable if late by a further 10 months? Also Aug 10th isn't a Saturday? https://t.co/YGr1AdoFt3",DELIVERY_TRACKING,EASY,Carrier tracking and Amazon status disagree
1048775,Another failed delivery from @117795 Getting fed up with this as have lost count of the number of deliveries that have failed,Another failed delivery from @117795 Getting fed up with this as have lost count of the number of deliveries that have failed,ACCOUNT_ACCESS,EASY,Cannot sign in; password rejected
1401461,@115821 so a package was supposed to be delivered today. Tracking last shows it left on Thursday but nothing since and package not at home any ideas?,@115821 so a package was supposed to be delivered today. Tracking last shows it left on Thursday but nothing since and package not at home any ideas?,ACCOUNT_SECURITY,EASY,Account compromise/fraud accusation
1283811,@AmazonHelp product delivered not up to the quality standard. Not expected this quality. Want to return! Please help,@AmazonHelp product delivered not up to the quality standard. Not expected this quality. Want to return! Please help,MISSING_ITEM,BOUNDARY,One item never arrived; refund is secondary
685683,"@115830 Now I can't get into my account at all, you're a bunch of thieving Ba****ds!","@115830 Now I can't get into my account at all, you're a bunch of thieving Ba****ds!",REFUND_STATUS,EASY,Asking about refund initiation
1205000,@AmazonHelp Just get my package it was suppose to be here today but oh no,@AmazonHelp Just get my package it was suppose to be here today but oh no,OTHER,MESSY,Complaint without a clearly supported operational intent
1391145,"@AmazonHelp You have charged me twice to two items, my bank confirmed it, I gave the codes to you but still you're denying it. Unbelievable.","@AmazonHelp You have charged me twice to two items, my bank confirmed it, I gave the codes to you but still you're denying it. Unbelievable.",OTHER,MESSY,Synchronization/account feature issue outside taxonomy
2042074,@AmazonHelp Yes but the bank says you have double charged but you refuse to acknowledge that or talk to them. This has been happening frequently.,@AmazonHelp Yes but the bank says you have double charged but you refuse to acknowledge that or talk to them. This has been happening frequently.,ORDER_CANCELLATION,EASY,Asking why order was cancelled
1595329,@AmazonHelp last month my card was charged for prume when even though its canceled and it did it again this month,@AmazonHelp last month my card was charged for prume when even though its canceled and it did it again this month,DELIVERY_DELAY,EASY,Explicitly says delivery date is delayed
2847336,"Ordered a new sd card from @115830  and it charged me twice, great 😑","Ordered a new sd card from @115830  and it charged me twice, great 😑",UNEXPECTED_CHARGE,BOUNDARY,Charge during presumed trial period
527631,@115850 received a broken item in my order. Asked for replacement 2dayd back. No progress yet. This isn't the way customers should be handled. #badshopping@amazon,@115850 received a broken item in my order. Asked for replacement 2dayd back. No progress yet. This isn't the way customers should be handled. #badshopping@amazon,OTHER,MESSY,No clear support request
1201193,"Ummmm as an @115821 prime member, I’m highly disappointed that my shipping time has been extended😒😒","Ummmm as an @115821 prime member, I’m highly disappointed that my shipping time has been extended😒😒",REFUND_STATUS,EASY,Refund processing status
320381,"@AmazonHelp Yes I have reported, But what about my order which is supposed to be delivered on 6th Oct with #PRIME....#3DAYSDELAY","@AmazonHelp Yes I have reported, But what about my order which is supposed to be delivered on 6th Oct with #PRIME....#3DAYSDELAY",ACCOUNT_ACCESS,BOUNDARY,Vague account trouble; access issue implied
467369,"@226254 @115821 Yep, I’ve definitely noticed more delayed packages in the last few months.  Had one today that was supposed to arrive but didn’t.","@226254 @115821 Yep, I’ve definitely noticed more delayed packages in the last few months.  Had one today that was supposed to arrive but didn’t.",REFUND_STATUS,BOUNDARY,Refund promised but hasn't happened
422037,@115850 hey where is my refund??,@115850 hey where is my refund??,ORDER_STATUS,EASY,Asking about order history/status
2360459,"@AmazonHelp Really, whats the point of paying for prime when i cant gave my packages delivered on time?","@AmazonHelp Really, whats the point of paying for prime when i cant gave my packages delivered on time?",OTHER,MESSY,Seller context without actionable supported intent
2142881,"@AmazonHelp Yes, I already checked, so Is there anyway I can get the money back and get acces to my account","@AmazonHelp Yes, I already checked, so Is there anyway I can get the money back and get acces to my account",RETURN_REPLACEMENT,EASY,Explicit return request
2688064,@AmazonHelp There’s no card thingy so don’t know who the carrier is... it’s not with a neighbour and not in my ‘safe place’... there wasn’t even a knock on the door to attempt to deliver it!,@AmazonHelp There’s no card thingy so don’t know who the carrier is... it’s not with a neighbour and not in my ‘safe place’... there wasn’t even a knock on the door to attempt to deliver it!,OTHER,MESSY,Manufacturer hasn't replied; insufficient context
1545998,@AmazonHelp I've sent the details. Please just cancel the order. It's not worth all the hassle and waste of time I'm going through for it.,@AmazonHelp I've sent the details. Please just cancel the order. It's not worth all the hassle and waste of time I'm going through for it.,DELIVERY_TRACKING,EASY,Tracking details
385364,@AmazonHelp what is the point in having delivery instructions if your drivers ignores them?,@AmazonHelp what is the point in having delivery instructions if your drivers ignores them?,OTHER,MESSY,Generic follow-up with insufficient context
128829,@AmazonHelp @115850 Played every quiz but still till date not a single winner name came out. Transparency is not there. You should publish name on your Twitter account @AmazonHelp @115850 if its not just a publicity stunt and advertising idea,@AmazonHelp @115850 Played every quiz but still till date not a single winner name came out. Transparency is not there. You should publish name on your Twitter account @AmazonHelp @115850 if its not just a publicity stunt and advertising idea,ORDER_CANCELLATION,BOUNDARY,Customer is being asked to cancel after delivery-date changes
2855134,"uh amazon charged me twice for the same item, what d0","uh amazon charged me twice for the same item, what d0",PRODUCT_ISSUE,BOUNDARY,Product problem; resolution delay is secondary
2460018,@115850 Not credited 99 cashback for Jio 459 recharge,@115850 Not credited 99 cashback for Jio 459 recharge,ORDER_STATUS,EASY,Explicitly asks order status
56932,@115850 How can refunds this my money https://t.co/vzd9YnpQ6U,@115850 How can refunds this my money https://t.co/vzd9YnpQ6U,REFUND_STATUS,EASY,Refund amount doesn't match purchase price
2216878,@AmazonHelp Was eligible for a cashback under SbI cashback offer back in August. Didn't receive yet,@AmazonHelp Was eligible for a cashback under SbI cashback offer back in August. Didn't receive yet,ACCOUNT_ACCESS,EASY,Cannot log into account
80798,@115850 item not received for order 406-1844716-6230753 Status is showing delivered . Have also received SMS mentioning item delivered. Kindly address urgently.,@115850 item not received for order 406-1844716-6230753 Status is showing delivered . Have also received SMS mentioning item delivered. Kindly address urgently.,ORDER_CANCELLATION,EASY,Order cancellation issue
314242,@115850 Pathetic service! Its been 10 days to receive my order still cash back isn't received. No call connect in Customer Care,@115850 Pathetic service! Its been 10 days to receive my order still cash back isn't received. No call connect in Customer Care,PRODUCT_ISSUE,EASY,Defective product; exchange requested
1695,@115821 my order hasn’t arrived (it was due 14th October). Can you help?,@115821 my order hasn’t arrived (it was due 14th October). Can you help?,ACCOUNT_SECURITY,EASY,Attempted account compromise
1041740,Hey @115821 thanks for locking my account. Now I can't login to get customer service to unlock my account. #fail,Hey @115821 thanks for locking my account. Now I can't login to get customer service to unlock my account. #fail,OTHER,MESSY,Invoice-copy request outside taxonomy
290429,"@115821 is awesome. They made sure I got my order on time, despite saying it would be delayed. Maybe awesome customer service is the real reason they are killing retail.","@115821 is awesome. They made sure I got my order on time, despite saying it would be delayed. Maybe awesome customer service is the real reason they are killing retail.",ORDER_STATUS,EASY,Asking to check order details
2662261,@AmazonHelp I was Queen of Hearts for the weekend. And I'll be a mermaid for Halloween night 😉,@AmazonHelp I was Queen of Hearts for the weekend. And I'll be a mermaid for Halloween night 😉,ACCOUNT_ACCESS,EASY,Unable to log in
985034,@AmazonHelp My refund is still not done,@AmazonHelp My refund is still not done,CASHBACK,EASY,Cashback not received
2929564,"@115850 where is my order? Tracking details not updated for last 12 hrs guaranteed to be delivered today
@AmazonHelp","@115850 where is my order? Tracking details not updated for last 12 hrs guaranteed to be delivered today
@AmazonHelp",ORDER_CANCELLATION,EASY,Explicit cancellation
2940219,@AmazonHelp hi. I have ordered an item with was split into 2 deliveries. I seem to have been charged once for the full cost of the item and then a second charge for the second part of the delivery.,@AmazonHelp hi. I have ordered an item with was split into 2 deliveries. I seem to have been charged once for the full cost of the item and then a second charge for the second part of the delivery.,PRODUCT_ISSUE,BOUNDARY,Broken product; replacement secondary
512452,Ordered from @115821 and I get a delivery of an empty box. #Frustrated,Ordered from @115821 and I get a delivery of an empty box. #Frustrated,PRODUCT_ISSUE,EASY,Replaced product still doesn't work
39558,"I got my refund from @115821 for my copy of odyssey, but was hit with a restocking fee because their delivery people can't do their job.","I got my refund from @115821 for my copy of odyssey, but was hit with a restocking fee because their delivery people can't do their job.",OTHER,MESSY,No actionable intent
1216274,I was supposed to get a package almost a month ago &amp; it still has not showed. Help! @115821 @134682 @AmazonHelp @81,I was supposed to get a package almost a month ago &amp; it still has not showed. Help! @115821 @134682 @AmazonHelp @81,DELIVERY_TRACKING,EASY,Explicit tracking number/status
2319449,"@AmazonHelp I need some information regarding a package I'm awaiting delivery for. Online it says it's final delivery attempt was yesterday, but I've had no email confirmation of this and I really need it delivered today!! Please help!","@AmazonHelp I need some information regarding a package I'm awaiting delivery for. Online it says it's final delivery attempt was yesterday, but I've had no email confirmation of this and I really need it delivered today!! Please help!",RETURN_REPLACEMENT,BOUNDARY,Returned item/order; return context primary
56859,.@115821 why is my account being hacked like every week now...! https://t.co/zToW3sG9CC,.@115821 why is my account being hacked like every week now...! https://t.co/zToW3sG9CC,UNEXPECTED_CHARGE,EASY,Explicit duplicate charge
503442,"@115821 Crappy delivery experience today.  Took a half day off of work for my scheduled, enhanced delivery and it still hasn't arrived and no one can tell me when it will.  Can you help?","@115821 Crappy delivery experience today.  Took a half day off of work for my scheduled, enhanced delivery and it still hasn't arrived and no one can tell me when it will.  Can you help?",OTHER,MESSY,Generic thanks
1435688,"@AmazonHelp Bonjour, il s’agit d’un retour que je compte faire, pour un produit en cours de livraison.","@AmazonHelp Bonjour, il s’agit d’un retour que je compte faire, pour un produit en cours de livraison.",ORDER_CANCELLATION,EASY,Order cancelled unexpectedly
1093244,@115850 help me wrong product collected for return,@115850 help me wrong product collected for return,PRODUCT_ISSUE,EASY,Product arrived damaged
790186,@AmazonHelp @115851 thanks a lot to you. I have received the product now which is defective..,@AmazonHelp @115851 thanks a lot to you. I have received the product now which is defective..,DELIVERY_NOT_RECEIVED,BOUNDARY,Customer says product hasn't been received
2974887,@115821 #help I had a package delivered today and my item was broken what do I do?,@115821 #help I had a package delivered today and my item was broken what do I do?,ACCOUNT_SECURITY,EASY,Bank details stolen/used with account
255735,"@AmazonHelp just got an email that you guys changed an email for one of my accounts, which I didn’t put the request in for Someone hacked it","@AmazonHelp just got an email that you guys changed an email for one of my accounts, which I didn’t put the request in for Someone hacked it",DELIVERY_NOT_RECEIVED,EASY,Delivered but not received
2394957,"@AmazonHelp リプライありがとうございます！
普段代引きしかしたことが無かったので。
Amazonギフト券を使い購入すればいいのですね！分かりました。ありがとうございます！","@AmazonHelp リプライありがとうございます！
普段代引きしかしたことが無かったので。
Amazonギフト券を使い購入すればいいのですね！分かりました。ありがとうございます！",OTHER,MESSY,Simple acknowledgement
456530,"@AmazonHelp You messed up a delivery, offered free items as compensation then messed up that delivery and when I complained you withdrew the original compensatory offer","@AmazonHelp You messed up a delivery, offered free items as compensation then messed up that delivery and when I complained you withdrew the original compensatory offer",ACCOUNT_ACCESS,EASY,Login/password-reset problem
1127124,@AmazonHelp There is no point since no update is given to me regarding product. If it's damaged please let me know. I'm already emailing since few days https://t.co/fweFvcuUFX,@AmazonHelp There is no point since no update is given to me regarding product. If it's damaged please let me know. I'm already emailing since few days https://t.co/fweFvcuUFX,DELIVERY_DELAY,EASY,Expected delivery date has passed
376282,@AmazonHelp I was ordered 2 no’s above item but I received only one short buy yesterday https://t.co/AmZ1uxwd0I,@AmazonHelp I was ordered 2 no’s above item but I received only one short buy yesterday https://t.co/AmZ1uxwd0I,MISSING_ITEM,,
707409,I still didn't received my amazon great Indian sale pay balance recharge cashback when I am gonna get it I was told that I will receive it by 10th October. @AmazonHelp,I still didn't received my amazon great Indian sale pay balance recharge cashback when I am gonna get it I was told that I will receive it by 10th October. @AmazonHelp,CASHBACK,,
338574,@AmazonHelp @117093 hi - I just ordered an unattended delivery and the driver called me screaming at me he can't get into bldg.,@AmazonHelp @117093 hi - I just ordered an unattended delivery and the driver called me screaming at me he can't get into bldg.,DELIVERY_DRIVER_ISSUE,,
2766929,"Your delivery driver left packages outside my flat door the other day, for anyone to take. Can someone sort this out? He never delivers safely to our building! @AmazonHelp","Your delivery driver left packages outside my flat door the other day, for anyone to take. Can someone sort this out? He never delivers safely to our building! @AmazonHelp",DELIVERY_DRIVER_ISSUE,,
1371844,@AmazonHelp @115821 how did you guys manage to ship me the wrong item twice ! Pathetic if you ask me,@AmazonHelp @115821 how did you guys manage to ship me the wrong item twice ! Pathetic if you ask me,WRONG_ITEM_RECEIVED,,
571808,@115850 I have not getten my cashback offer that was purchase on 12.08.2017,@115850 I have not getten my cashback offer that was purchase on 12.08.2017,CASHBACK,,
1563543,"@AmazonHelp We had a missed delivery on Friday, driver must have ignored delivery instructions. Now we have been given a delivery date of Wednesday.","@AmazonHelp We had a missed delivery on Friday, driver must have ignored delivery instructions. Now we have been given a delivery date of Wednesday.",DELIVERY_DRIVER_ISSUE,,
2752060,"@AmazonHelp Tonight, the delivery was marked as being unable to be delivered--I received no phone call from the Amazon # in Washington or any call from the driver using the callbox.","@AmazonHelp Tonight, the delivery was marked as being unable to be delivered--I received no phone call from the Amazon # in Washington or any call from the driver using the callbox.",DELIVERY_DRIVER_ISSUE,,
348959,@AmazonHelp @115850 15% Cashback not received on Order No.406-5005773-5795543. Instead got less refund on return of this order. https://t.co/fufYpjIO49,@AmazonHelp @115850 15% Cashback not received on Order No.406-5005773-5795543. Instead got less refund on return of this order. https://t.co/fufYpjIO49,CASHBACK,,
2211987,"@115850 My order number is 408-9271797-1781967. The wrong item was delivered TWICE against this order number. Its been about 2 weeks or so since the item was returned (the second time). Please update immediately when the refund (Rs. 1765) would be made, thanks","@115850 My order number is 408-9271797-1781967. The wrong item was delivered TWICE against this order number. Its been about 2 weeks or so since the item was returned (the second time). Please update immediately when the refund (Rs. 1765) would be made, thanks",WRONG_ITEM_RECEIVED,,
1041657,@115821 why does it say delivery attempted not successfull.  This is t true there is a receptionist there at all times. They didn’t even try to deliver my package.,@115821 why does it say delivery attempted not successfull.  This is t true there is a receptionist there at all times. They didn’t even try to deliver my package.,DELIVERY_DRIVER_ISSUE,,
2449431,"@AmazonHelp you sent me the wrong item &amp; the only way i can find to remedy it through your site is to return it. i don't own a printer, and i'm an adult who works so i can't be home for a UPS guy to come by, especially for something that wasn't my problem to begin with.","@AmazonHelp you sent me the wrong item &amp; the only way i can find to remedy it through your site is to return it. i don't own a printer, and i'm an adult who works so i can't be home for a UPS guy to come by, especially for something that wasn't my problem to begin with.",WRONG_ITEM_RECEIVED,,
1046064,"@115850 Order # 402-5479722-9566747, wrong item received, no refund required, need my product at earliest,,","@115850 Order # 402-5479722-9566747, wrong item received, no refund required, need my product at earliest,,",WRONG_ITEM_RECEIVED,,
2832844,@AmazonHelp Yes. All but one of the items on my order arrived. Shipped by AMZL US per your website.,@AmazonHelp Yes. All but one of the items on my order arrived. Shipped by AMZL US per your website.,MISSING_ITEM,,
490544,"@AmazonHelp half of my order is still missing. i paid for one day delivery, this is completely unacceptable, my order was a day late and half of it is still missing - fix it. 'My Orders' says its been delivered. DM me if need be","@AmazonHelp half of my order is still missing. i paid for one day delivery, this is completely unacceptable, my order was a day late and half of it is still missing - fix it. 'My Orders' says its been delivered. DM me if need be",MISSING_ITEM,,
306585,@AmazonHelp I have received all 4 items and will be returning the one extra item received. Account still shows I have to return two more items.,@AmazonHelp I have received all 4 items and will be returning the one extra item received. Account still shows I have to return two more items.,WRONG_ITEM_RECEIVED,,
